,RMSE,MAE,R^2
0,0.013116451,0.009702605,0.9493718110845017
1,0.029290931,0.016191922,0.8631369528725817
2,0.014125283,0.0077531026,0.8809040148979368
3,0.04286291,0.030522255,0.5071658706375095
4,0.035407934,0.02263327,0.6726256655997238
5,0.04517223,0.023893267,0.8747513466899333
6,0.033132035,0.019017778,0.9418470013588143
7,0.043299377,0.02938972,0.8159553614923511
8,0.037990432,0.021518435,0.9057805546552902
