,RMSE,MAE,R^2
0,0.065138065497119,0.0447861022996698,0.8954412831474381
1,0.0864303292006469,0.0606997106414595,0.8211787672658118
2,0.0714713251957821,0.0503607936222872,0.8783952457473796
3,0.0613438561363185,0.0494918169371168,0.5915463135148528
4,0.0718741561656418,0.0521615791532361,0.8791419460020117
5,0.0501342400706229,0.0349736307362664,0.7656906345246155
6,0.0890757756322048,0.0665064826636396,0.8504251612382554
7,0.1106553859565384,0.0805949048035572,0.8306280076457627
8,0.15806188020054335,0.10230782289322322,0.647195859218528
