,RMSE,MAE,R^2
0,0.0864303292006469,0.0606997106414595,0.8211787672658118
1,0.0718741561656418,0.0521615791532361,0.8791419460020117
2,0.15806188020054335,0.10230782289322322,0.647195859218528
