,RMSE,MAE,R^2
0,0.0851533282216649,0.055535409251992,0.8264238688185137
1,0.0780372544762749,0.0542733407478129,0.8575265166933225
2,0.20268765802979283,0.10612322652559325,0.4317347610047082
