,RMSE,MAE,R^2
0,0.0669502469176718,0.0441487350565556,0.8895425792378254
1,0.0851533282216649,0.055535409251992,0.8264238688185137
2,0.0745710212522583,0.0472774295916668,0.8676185704455589
3,0.049733629575507,0.0425101188674657,0.731526771496076
4,0.0780372544762749,0.0542733407478129,0.8575265166933225
5,0.0522392091765717,0.0371443096696418,0.7456018418079347
6,0.1114243279787709,0.0756605869312903,0.7659550014296251
7,0.2026876580297928,0.1061232265255932,0.4317347610047082
8,0.1497380493428913,0.1020666021533115,0.6833760746930326
