,RMSE,MAE,R^2
0,0.030818492,0.024995781,0.5777240148656271
1,0.019813119,0.012344962,0.878186679310977
2,0.014200771,0.009008575,0.9454935136591665
3,0.016500838,0.010480731,0.7885205531839192
4,0.020130247,0.009060839,0.9344684982848555
5,0.020536365,0.01254845,0.9367998689101873
6,0.030776324,0.021657918,0.6431538543373019
7,0.02234948,0.015419564,0.8927007359510319
8,0.049390946,0.02703106,0.7620112430479975
