,RMSE,MAE,R^2
0,0.10652824,0.07805952,0.6812422314083906
1,0.08387873,0.0608072,0.8719606154946922
2,0.0980182,0.06901557,0.8680932941713385
3,0.09009689,0.061403304,0.7919626832524579
4,0.07966206,0.057283815,0.845275386574354
5,0.12669384,0.08333915,0.38445971226060094
6,0.088936284,0.06444598,0.6520654686660211
7,0.13490433,0.08163405,0.5656329324027648
8,0.07214871,0.053993993,0.7967317783922644
9,0.14729002,0.13153541,-0.08905852978221618
10,0.11650666,0.09681899,0.3431306657448503
