,RMSE,MAE,R^2
0,0.07918166,0.05889655,0.8238913788388549
1,0.11153513,0.07112611,0.7736068753599468
2,0.09544775,0.06754189,0.8749208919089946
3,0.11212016,0.08225911,0.6778270724182618
4,0.091753036,0.06590983,0.7947433710091036
5,0.14739507,0.09796266,0.16687268072667272
6,0.09535336,0.06791245,0.6000446319751384
7,0.12325781,0.071971215,0.6373948074470905
8,0.10279489,0.061313182,0.5873750961922375
