,RMSE,MAE,R^2
0,0.1031911647830982,0.0617525193957499,0.6452846789637443
1,0.0558642408709601,0.0335422744717314,0.8278130852765649
2,0.1085682810247675,0.0769696473354585,0.7744262509725116
3,0.0868226894458785,0.0623320289845106,0.4991543041707496
4,0.0853167274872713,0.0615575926351183,0.6180077265846405
5,0.0549454095170562,0.0397186501657023,0.7028890230603009
6,0.091363892322137,0.0618390120877717,0.7040979315359586
7,0.0940245326795387,0.0554294291131571,0.8338550681721651
8,0.13698199948177303,0.09760316537990353,0.8234218041514607
