,RMSE,MAE,R^2
0,0.1017180352326117,0.0600101275083216,0.6553400318633571
1,0.046849254831403,0.0317301848784117,0.878901792089797
2,0.1172060649792267,0.0805698941209452,0.7371047102098848
3,0.0872256998610264,0.0618784747325693,0.4944938981434275
4,0.0833658991337703,0.0590776307092997,0.6352770616121328
5,0.0536488441934479,0.0382705765119075,0.7167456369462715
6,0.1060327031608178,0.0654955392514127,0.6014539757957116
7,0.093981901441931,0.0555725732567169,0.8340056960590992
8,0.1495116988401319,0.09890056257255721,0.7896413256493472
