,RMSE,MAE,R^2
0,0.055626540867537,0.0393087574584339,0.6782243778127426
1,0.0609433848784883,0.0399758609011669,0.6857770452301463
2,0.0554187486392526,0.0446734383184195,0.7407241953873587
3,0.0497397957684523,0.0390096287337782,0.7381332091869187
4,0.0693240518493591,0.0465986029909118,0.7657270274915957
5,0.0781965403103432,0.0507696838410813,0.7198615974933825
6,0.0559898739318918,0.0412067875115853,0.7883682055016299
7,0.0714685110708114,0.0501045752861222,0.8156979700693019
8,0.08798198581076919,0.06232656122969831,0.6589520317876584
