,RMSE,MAE,R^2
0,0.0560870228594828,0.0394391510386071,0.6728749468447031
1,0.0490041538816522,0.0353980057437144,0.7968342225851142
2,0.0548356689705715,0.0442594358623425,0.746151353299464
3,0.0415885707684841,0.0331266945138762,0.8169286340957929
4,0.0797998444884831,0.0482935055233956,0.6895737767081092
5,0.0856000023188026,0.049539362144894,0.6643048064625741
6,0.0544496196025959,0.041510151139175,0.7998518246222299
7,0.0686671216763061,0.0496146888889839,0.8298631700070911
8,0.08784762792354409,0.06241627697022362,0.6599928697754827
