,RMSE,MAE,R^2
0,0.0166381141047695,0.006809066239501,0.9107565103501492
1,0.0260317377619094,0.0101284920552615,0.8813855147734118
2,0.016511854927104,0.0078434293212806,0.8288180793382858
3,0.0309794120080096,0.0129560289732962,0.7259020373340257
4,0.0262062500266803,0.0133474756313572,0.8076997077802004
5,0.0335511975116615,0.0156612953984273,0.9246475361845504
6,0.0335868665257118,0.0143513994730706,0.9349160206132112
7,0.034028537912163,0.0136421415310373,0.8768146286020231
8,0.03362345833479911,0.012626603353188446,0.9256604099213598
