,RMSE,MAE,R^2
0,0.0152996291460008,0.006822351050876,0.9245376796383674
1,0.0242025561021908,0.0093678394980136,0.8974693104473498
2,0.0158955800869797,0.0076427856877052,0.8413577249491538
3,0.031697729486917,0.0130381234607297,0.7130436920944774
4,0.02673736397562,0.013646856461196,0.7998261417312755
5,0.0313933505021755,0.0144023463916646,0.9340284415446036
6,0.0318841573749643,0.0137116267126466,0.9413477050042832
7,0.0308409622281297,0.0133529258330049,0.8988121432275992
8,0.0336186444013265,0.012180155778127023,0.9256816950740824
