,RMSE,MAE,R^2
0,0.026541142,0.01791437,0.7745327845599156
1,0.024740046,0.013198366,0.9416008845256666
2,0.07373668,0.030771416,0.5862369636023965
3,0.013754024,0.009765226,0.8182190112741947
4,0.015830271,0.008491982,0.9548270751491129
5,0.015734317,0.010334872,0.9212688351935687
6,0.020837616,0.013592123,0.9346471672192467
7,0.03247584,0.019127088,0.9413042866117997
8,0.04799417,0.02704726,0.8408239537874622
