,RMSE,MAE,R^2
0,0.0138772888659962,0.0065261822291783,0.7783167350405813
1,0.0180493987683682,0.0076717294187017,0.9276740235589088
2,0.0245552278592265,0.008377751859641,0.8724723244488656
3,0.0155272882078964,0.0070664417196314,0.9233802839376
4,0.010561562860187,0.0059434839291574,0.940282591612366
5,0.0276278647875212,0.0128643843735881,0.9484055614322168
6,0.0302542025258625,0.0142761231182483,0.8824910230198133
7,0.0373007312232019,0.0120469166592334,0.9646809014839626
8,0.05063524945569211,0.021829843454948223,0.9118902769880294
