,RMSE,MAE,R^2
0,0.0139994596175067,0.0066528369596462,0.7743963112670188
1,0.0171137732323589,0.0074997921024045,0.934977992825482
2,0.0237012481078412,0.0082463064979059,0.8811883738603375
3,0.0164189639856065,0.0074178416307154,0.9143276242406644
4,0.0099836070705903,0.0057387350192306,0.9466395436073264
5,0.0282303272265652,0.0131966175704474,0.946130856352184
6,0.0290987897278975,0.0137743509530648,0.8912950105362004
7,0.0415636727421646,0.0125574738675843,0.9561466523013284
8,0.05118471436619591,0.021791394031411695,0.9099676686136053
