,RMSE,MAE,R^2
0,0.010529508,0.004225512,0.1155525067471137
1,0.016614513,0.00679528,0.144572959075579
2,0.013121903,0.0057414635,0.23935591565871184
3,0.01186007,0.0053830785,0.303887301834319
4,0.014405532,0.004629724,0.28846342192073415
5,0.01417875,0.0053374693,0.302951175904707
6,0.012390806,0.004918061,0.2773170518888125
7,0.025430573,0.009980028,0.18816169461407417
8,0.09398354,0.019514209,0.11912527621792524
