,RMSE,MAE,R^2
0,0.0099453887205705,0.0022067378064394,0.144837308110889
1,0.0085231297196193,0.0020359537417937,0.15820767431171
2,0.0077629766858211,0.0019439356343087,0.1304941411559429
3,0.0094670960284507,0.0020931327768756,0.155744662462094
4,0.008267640906574,0.0020188955778709,0.1259227800969664
5,0.0242019116384703,0.0061607270771316,0.1255140663661303
6,0.0385082043765026,0.0080933019544557,0.1027029454886978
7,0.0586900749284227,0.0122511603149516,0.1251039802316303
8,0.04885034987196379,0.01060136920220658,0.12427010751958134
