,RMSE,MAE,R^2
0,0.0096482089639926,0.0022026564943306,0.1951802545344468
1,0.0086230401603133,0.0021268997310543,0.1383565658452028
2,0.0079367032343656,0.0020458074888983,0.0911415857793045
3,0.0087040166374385,0.0020793439061004,0.286359193621485
4,0.0080221234596726,0.0020560424504008,0.1770654919170945
5,0.0231062503964692,0.0060775906086009,0.2029006832391462
6,0.0366347882428337,0.0080455692072245,0.1878858509394178
7,0.057367419264615,0.0119735850366871,0.1640934292751972
8,0.050164813134159096,0.011027768451055908,0.07650783562340646
