,RMSE,MAE,R^2
0,0.006741844,0.003386436,0.2847829485252761
1,0.010204506,0.0033884863,0.4185342560677766
2,0.007476712,0.003952729,0.30379759599212874
3,0.007596425,0.003657391,0.1730119036908807
4,0.026676534,0.0056757224,0.1574371651649542
5,0.025124297,0.008577948,0.4030719965376439
6,0.05436379,0.011329027,0.13515787402441526
7,0.029184887,0.00889631,0.3754320506290737
8,0.03072806,0.010566313,0.22098534201405373
