,RMSE,MAE,R^2
0,0.0116295413836152,0.0018900732554939,0.1171929337192022
1,0.0099034561400068,0.0020866641903107,0.108460582826953
2,0.0090147596307116,0.0020656154860625,0.1457832142785992
3,0.0096444405470706,0.0022008172820757,0.1203786141303402
4,0.0107439399679059,0.0024002619859931,0.1417250126117226
5,0.0149910234101934,0.0035771042527689,0.1246546688730599
6,0.0180068053451572,0.0035192661145436,0.094299379658886
7,0.0130735993488453,0.0031056833284628,0.1376106279581125
8,0.014780958464940479,0.0034282884927627176,0.10854093715918345
