,RMSE,MAE,R^2
0,0.0108121422992795,0.0018859469065292,0.2369304395333064
1,0.0095961200827782,0.0021142141078959,0.1629366407108275
2,0.0087493356517302,0.0020809721789897,0.1953445552204338
3,0.0095220332074812,0.0021915552343366,0.1425652459780826
4,0.0103273339805386,0.0023321149437158,0.2069953128924174
5,0.0156159270623283,0.0037184736359274,0.0501557485904273
6,0.0182891477567433,0.0036798512037406,0.0656743694337718
7,0.0136526087752721,0.0031484353754735,0.0595313060615287
8,0.015569960498234007,0.0034386045673170168,0.010829324999564238
