,RMSE,MAE,R^2
0,0.008413985,0.004355801,0.21337207762889765
1,0.010845185,0.0044795964,0.16193069320188602
2,0.026753122,0.0053564534,0.21560186844872176
3,0.018436907,0.006715749,0.2502221423149412
4,0.016457362,0.0058584767,0.229457974411871
5,0.013855557,0.0050619934,0.2821478684047489
6,0.01383723,0.004573622,0.3317289509051651
7,0.013312892,0.0059307045,0.3549839727379607
8,0.014691376,0.006649707,0.21667272344446709
