,RMSE,MAE,R^2
0,0.0844655,0.061611675,0.8292166331445806
1,0.089729555,0.056864627,0.8116346301884156
2,0.14776117,0.09886618,0.6979929502272282
