,RMSE,MAE,R^2
0,0.06526026,0.048235733,0.8950486197010873
1,0.10549612,0.070919424,0.7335843205215755
2,0.13516378,0.08631527,0.5650818621581891
3,0.07804923,0.06392682,0.33879231773295293
4,0.07985389,0.058221374,0.8508160308427751
5,0.06759273,0.050121423,0.5740870732298913
6,0.16052468,0.107275784,0.5142387207491809
7,0.16383208,0.12044602,0.628726095250546
8,0.21604548,0.14832586,0.34087203777537356
