,RMSE,MAE,R^2
0,0.079359576,0.05301024,0.8448009075482984
1,0.10724706,0.07140669,0.7246674258329677
2,0.0848846,0.061897095,0.8284681660844033
3,0.08517027,0.074691474,0.2126339373587165
4,0.12799703,0.08928861,0.6167080129314225
5,0.06780447,0.050103813,0.5714145112688622
6,0.12613131,0.0840082,0.7000940038271823
7,0.14170285,0.103191674,0.7222502307944357
8,0.18253137,0.12655525,0.5295056721808407
9,0.29140106,0.17627363,0.01902212360579103
10,0.43372074,0.26914427,0.3486684268525425
