,RMSE,MAE,R^2
0,0.0090618029986248,0.0020138019472052,0.1267535874666872
1,0.0089454130174609,0.0019732149795481,0.1225350217031412
2,0.0084930077154357,0.0019711400920834,0.1521696798603409
3,0.0106582499075887,0.0023286623889801,0.1405721198237935
4,0.016152129066089,0.0033355455304772,0.1174408622566417
5,0.021500653308636,0.0038735900158445,0.0989718358665625
6,0.0144489493209119,0.003327199983746,0.1343426193702389
7,0.0137044367617025,0.0033576654842336,0.1076794857491729
8,0.014232992584074962,0.0033830594684889203,0.12306707208018453
