,RMSE,MAE,R^2
0,0.0088517084813192,0.0020206665282328,0.1667759777391468
1,0.0094504887227977,0.0020426958448011,0.0206508878596762
2,0.0080264195691019,0.0019727848365334,0.2427668420848764
3,0.0106285417744059,0.0023828277390839,0.1453564727910237
4,0.0149533853924823,0.0033781660526297,0.2435794546047228
5,0.0212415531940815,0.0039301254246296,0.1205572108026842
6,0.0142636205770339,0.0034453448496875,0.1564068276376854
7,0.0137823206835738,0.0034044510918234,0.09750834140711
8,0.014012451725597213,0.003409801457958303,0.1500327537297833
