,RMSE,MAE,R^2
0,0.0272682342704298,0.0036564962441333,0.0547544365054463
1,0.0271521132519127,0.0036382670541251,0.0513110112778861
2,0.0145467610338291,0.0034088276487977,0.1415597419168337
3,0.0284473317441557,0.0039758733624776,0.0571875112004455
4,0.0273563365330006,0.0062936732685516,0.1102185319817175
5,0.0259373125266265,0.0059924163816273,0.1343283356236496
6,0.028723756012371,0.006234818900917,0.132962868221762
7,0.0277052893549265,0.0062895603210642,0.152034302346488
8,0.05373532172535005,0.011385455883027593,0.15177962174723159
