,RMSE,MAE,R^2
0,0.0274279276235362,0.0037607829630342,0.0436505680812099
1,0.0272897922217676,0.0037055119246593,0.0416656719271942
2,0.0141111249910207,0.0033862189795308,0.1922057736604151
3,0.0282146879203483,0.0039432002177818,0.0725451988254853
4,0.0266744214975252,0.0064244007072405,0.1540250573804512
5,0.0250385986341434,0.0060733542742224,0.1932791358185609
6,0.0297709545034336,0.0063592138779862,0.0685902990362483
7,0.0283407250597017,0.0064626506760458,0.1126911411913733
8,0.047017240529787174,0.010841773910540586,0.35061348155407246
