,RMSE,MAE,R^2
0,0.01541591,0.008233368,0.738276503892153
1,0.019449456,0.011140238,0.923017386293532
2,0.028767923,0.019097235,0.840708948528472
3,0.036023095,0.026194725,0.618636314451487
4,0.016272573,0.011661479,0.86826192478569
5,0.04069915,0.026199259,0.8973024710502722
6,0.039080825,0.022234187,0.8202552816052846
7,0.07577171,0.024325736,0.8677891641308083
8,0.06677888,0.030140603,0.8599152228738844
