,RMSE,MAE,R^2
0,0.025379512,0.0055310163,0.1834336994987691
1,0.025634978,0.0060139103,0.1628706304477482
2,0.012551608,0.00571494,0.3456749498267807
3,0.025519032,0.0048498,0.2489072488740891
4,0.023719095,0.008507765,0.3215700378341413
5,0.022583233,0.008583422,0.34921218076786376
6,0.025085783,0.008575637,0.34103219241938787
7,0.024626197,0.008620859,0.33642110673183456
8,0.05080573,0.016604476,0.23417616223527626
