,RMSE,MAE,R^2
0,0.0656682678238803,0.0482731997916834,0.6087071536238551
1,0.0731633388214176,0.0509684829150766,0.5831173815900124
2,0.0926053060912899,0.0679588690033782,0.7922390306897252
3,0.0602147790608217,0.0419711806266577,0.8987599659316236
4,0.0649547164385404,0.0418278168352164,0.8878264089868146
5,0.04810507790782,0.0343149808018314,0.6148597803842972
6,0.0599213535294787,0.0435209316484027,0.9011484187222032
7,0.0555358697760997,0.0412333940791297,0.8078862431923877
8,0.08338018370046646,0.0632724760637864,0.7227302071719857
