,RMSE,MAE,R^2
0,0.0569818687724051,0.0448942994173732,0.7053786853253533
1,0.0558413153391866,0.0429941689838463,0.757150041127846
2,0.0825393877499585,0.0589510887965235,0.8349503126852671
3,0.044572757835448,0.0357839426658802,0.9445265597474172
4,0.0772394013541074,0.0465278011994059,0.8413839834086352
5,0.0449478023982043,0.0332116188291748,0.663756455678838
6,0.0479877980576182,0.03744161707566,0.9366010542121735
7,0.0552252556526132,0.0420069089906352,0.8100292318269733
8,0.08783500569653624,0.06521738397832907,0.692310886672679
