,RMSE,MAE,R^2
0,0.008019944,0.0032217442,0.44629364596198373
1,0.0077943327,0.004353009,0.29194599841898206
2,0.0070979726,0.0036036605,0.27963459388942524
3,0.007968753,0.003709476,0.40444534864974724
4,0.007490257,0.003344048,0.2883389965177515
5,0.021590505,0.008691448,0.30723803905937663
6,0.034665313,0.009815756,0.2783900870540088
7,0.056997735,0.017569784,0.17638088008258734
8,0.04529064,0.014562004,0.2250319340295278
