,RMSE,MAE,R^2
0,0.0267613716326172,0.010766565604842,0.9067333869233142
1,0.0196778864543937,0.0077401799970672,0.9523782392249598
2,0.0194319295113744,0.0077226597088712,0.8741647259897225
3,0.044007063739126,0.0181098318846932,0.9239475236653566
4,0.0466828149800563,0.0199535032410538,0.9544825440760442
5,0.0284769240927742,0.0132170448343247,0.9101607487030032
6,0.0459947484098511,0.0186870982047472,0.9206269573219444
7,0.0282907705931761,0.0134752858959888,0.9126140562481098
8,0.012533922993112631,0.00697903353059911,0.9592133365294371
