,RMSE,MAE,R^2
0,0.0281232200226278,0.0109967082348492,0.8969994468804594
1,0.0194338582446847,0.0076757405686674,0.9535520437291783
2,0.0187016201226626,0.007588818419877,0.8834455099529419
3,0.043665824121103,0.0183429483280401,0.9251224031873216
4,0.0502397998192222,0.0208603529881384,0.9472819049790576
5,0.0295387328293604,0.0140900797300145,0.9033362386578996
6,0.0467264161771293,0.0190615266045061,0.9180815966212388
7,0.0286373411444991,0.0134057979236898,0.91045993342169
8,0.012027693072423126,0.006664139777731475,0.9624414506851638
