,RMSE,MAE,R^2
0,0.08512866,0.028940056,0.858687303152953
1,0.0843767,0.038301267,0.8278411341655865
2,0.041054852,0.02191173,0.9471906247232821
3,0.04056183,0.0190259,0.7334918038272633
4,0.06102463,0.034597144,0.7586490213082697
5,0.04403784,0.021154393,0.9061740259232912
6,0.037819456,0.022346854,0.7894509475334134
7,0.058995634,0.026190849,0.3190182473838068
8,0.09629782,0.057915278,0.7617232879720609
