,RMSE,MAE,R^2
0,0.07201079,0.05779764,0.5230317208673567
1,0.08003361,0.06634616,0.33810281370843487
2,0.07150964,0.0566772,0.8699061098986395
3,0.0861239,0.0683411,0.8434842496883588
4,0.14766641,0.108704336,0.37936373914502874
5,0.07875648,0.06276753,0.8264958445601992
6,0.23074612,0.1549381,0.13026297468793213
7,0.15538412,0.09612422,0.5181730719328907
8,0.07758923,0.061601248,0.6325957085064127
9,0.21331927,0.1436671,-0.0765239923674792
10,0.31627226,0.24984148,0.3886854384125411
