,RMSE,MAE,R^2
0,0.079924576,0.05477402,0.41243623263523177
1,0.08780583,0.06430587,0.20330434434706812
2,0.068723,0.05021766,0.8798477435242819
3,0.06286209,0.048899766,0.9166149357168283
4,0.09688421,0.0756072,0.7328348378844192
5,0.09056772,0.075596035,0.770552080144677
6,0.13026324,0.084580146,0.7228193424521099
7,0.13358401,0.09322676,0.643887864531344
8,0.08193024,0.06345028,0.5903340536914247
