,RMSE,MAE,R^2
0,0.008863622,0.004320349,0.12030501906979174
1,0.0075309416,0.0032723665,0.36036719774513126
2,0.007906042,0.00364953,0.39168116026243016
3,0.008346275,0.0038608632,0.29063780756303004
4,0.007616756,0.0031997503,0.42620300460496674
5,0.008562564,0.0037406427,0.17122431641422353
6,0.01356761,0.0041936785,0.20820322820522463
7,0.013142879,0.004865304,0.25337526341938454
8,0.046747293,0.011316448,0.1922291660735097
