,RMSE,MAE,R^2
0,0.090530306,0.07349066,0.7348719997741624
1,0.110332504,0.06982165,0.771113745018861
2,0.07105502,0.052118465,0.8379879245954565
3,0.06505168,0.044092674,0.8551088415160977
4,0.10898157,0.086253814,-0.40585690280559583
5,0.074198715,0.051397607,0.7817642198367615
6,0.13397172,0.09606734,0.33275102505225185
7,0.082966805,0.070429,0.6169589887984237
8,0.31001192,0.17203838,0.22040261670868067
9,0.767679,0.42840272,0.1379459959270798
10,0.5276518,0.28501242,0.2075013320323863
