,RMSE,MAE,R^2
0,0.01347555,0.090404995,0.5640726140614137
1,0.0030769717,0.037008423,0.9421456139294759
2,0.00516482,0.05160024,0.8342654535212957
3,0.008854193,0.06404623,0.6968386551754883
4,0.004641222,0.04634433,0.4506270959918335
5,0.011829298,0.080282085,0.5310871535966575
6,0.007036074,0.05544111,0.7384275058720831
7,0.006711352,0.0666667,0.6265378236455191
8,0.051959593,0.12348008,0.5785177050476054
9,0.43478912,0.35673967,0.3640046853030138
10,0.23294008,0.29364574,0.33694751649515475
