,RMSE,MAE,R^2
0,0.08662085,0.064071245,0.7572761125351664
1,0.102189995,0.06551875,0.8036506118051454
2,0.068278946,0.05205362,0.8504000444434658
3,0.105174474,0.06858775,0.6212561569442887
4,0.067494966,0.052510813,0.46076534653957724
5,0.06903408,0.047944088,0.811087731862874
6,0.085330054,0.059459835,0.7293140530101965
7,0.0834027,0.07115556,0.6129235200959294
8,0.2236759,0.12410902,0.5941626444191932
