,RMSE,MAE,R^2
0,0.0594514713274357,0.0419634862012041,0.6748981013875759
1,0.0574548713024541,0.0440809844310918,0.6588860462041501
2,0.0851671526557342,0.0616153503175991,0.8154678687074736
3,0.0835492184955936,0.0656132398220386,0.8527024826703672
4,0.078765904136894,0.0605124153880422,0.8234164147183476
5,0.0758605262331744,0.057239381707036,0.839021090731054
6,0.0863502266133881,0.0563807512214876,0.8782003326729427
7,0.0696700456358622,0.0461453312148271,0.9031342944500308
8,0.0583682073922327,0.04049288820134236,0.7920810443433085
