,RMSE,MAE,R^2
0,0.0603369852813363,0.0437154078174509,0.6651413627793106
1,0.0529593659177765,0.0412037549234116,0.7101780152666939
2,0.0797946717493841,0.0564012358255833,0.8380147289873048
3,0.0835313989711008,0.0625498168142985,0.8527653077178559
4,0.0817585892782181,0.0617048513106815,0.8097430266240622
5,0.0692376883786555,0.0518010425823134,0.8659019699485232
6,0.0965859000682278,0.0617581638267066,0.8476134624373484
7,0.0804050304761953,0.0507258690586481,0.870983784643718
8,0.046798651407891474,0.03624537900999165,0.8663379706193
