,RMSE,MAE,R^2
0,0.0126995908280425,0.0073935549093203,0.9433439803257156
1,0.0196354530575283,0.0090494646065763,0.7589003647530577
2,0.0426977051233085,0.0160557727786501,0.9604833705535596
3,0.0474174662772544,0.0177803684398579,0.9517316467200134
4,0.035725259412445,0.0138975180978153,0.9262381880643712
5,0.0312001451356592,0.0116662064388812,0.9416735342901944
6,0.045718571547755,0.0169622204063202,0.9513088674307932
7,0.0198517743384355,0.009268410997855,0.9809746437377046
8,0.02990540718311648,0.012855044166234434,0.9382665512218318
