,RMSE,MAE,R^2
0,0.0127096656283898,0.0076228472794071,0.9432540523105036
1,0.0197811584407357,0.0093764918459168,0.7553089167356112
2,0.047532281026069,0.0165148280519923,0.9510279663040944
3,0.0503880508720924,0.0173527843780587,0.945494426574088
4,0.0360660442804997,0.0138666707496274,0.9248242416957856
5,0.0328680738983721,0.0118246853639752,0.9352706952799832
6,0.049957608466894,0.0180356405564461,0.9418609606964125
7,0.0182859160763979,0.0091037325203459,0.9838576193960392
8,0.029314995957407785,0.012819969348621577,0.9406800499014354
