,RMSE,MAE,R^2
0,0.015229553,0.010583062,0.8877710244489304
1,0.030348692,0.020614889,0.7900519792415217
2,0.025363183,0.014512982,0.7773302827630751
3,0.043779522,0.028408099,0.8356662711282041
4,0.030943567,0.016136236,0.9393320979996871
5,0.029918663,0.02092835,0.8872163716287256
6,0.040099513,0.019246552,0.8934663275169101
7,0.05058377,0.02951857,0.6993887522962395
8,0.044468336,0.021098537,0.830401551629084
