,RMSE,MAE,R^2
0,0.072590677132106,0.0502657070946959,0.8519893102859525
1,0.0720959741141799,0.0512818273104852,0.9054063666375848
2,0.0952010801469958,0.0622683340936355,0.8755665316261256
3,0.099718334761221,0.0646205406577832,0.745157636012493
4,0.0786920821954162,0.0540724575112874,0.8490203501544362
5,0.0765692813656897,0.0531001651920449,0.7751698482473647
6,0.0865568649419036,0.059097838751211,0.6704338969263404
7,0.085289615595838,0.0573654808466034,0.8263809058394543
8,0.08829899031169143,0.059016127518007,0.6955445425078388
