,RMSE,MAE,R^2
0,0.0702229781694248,0.0469698410673744,0.8614872105799106
1,0.0782760511638688,0.0522868986270581,0.8884941389209837
2,0.0953602362086706,0.0571594914330466,0.8751501309913866
3,0.0875117262694269,0.0529357379818812,0.8037299233937925
4,0.0725762841660844,0.0480846598203811,0.8715761167215149
5,0.0488180441448233,0.0379119240376481,0.9086084247512995
6,0.065486422433101,0.0502304984335536,0.8113564193495184
7,0.0820593918997272,0.0542625190863612,0.839283020931066
8,0.11743898438490953,0.07118825378677554,0.4614365678527632
