,RMSE,MAE,R^2
0,0.0561252633530912,0.0410599256628966,0.8870018967662028
1,0.0480101154012367,0.0355772786392262,0.468446528390271
2,0.0637558342322667,0.0455969729663379,0.9012999772572516
3,0.0795496968009296,0.0518860551470916,0.8743040145874137
4,0.0590585155155097,0.0388683606108974,0.8841405011274354
5,0.0538244850578299,0.0386459606286018,0.6395018789091969
6,0.0631917818101734,0.0394542532626629,0.8421610748849262
7,0.0483956198847248,0.0405923225324585,0.6644726740742759
8,0.086718620471784,0.060560328714533034,0.8213485927999329
