,RMSE,MAE,R^2
0,0.0587623904130411,0.0410017883976626,0.8761336676482451
1,0.0490797867913347,0.0367263118909257,0.4444965071528555
2,0.0729168954311461,0.0454240482055631,0.8708977752803009
3,0.1130552424211585,0.0653472498437589,0.7461215952301878
4,0.0470036364971328,0.0326699881605647,0.9266112465775218
5,0.0523475999087935,0.0387941310895193,0.6590138124341155
6,0.0845661232560624,0.0455871113943758,0.7173260707735335
7,0.0499004604043516,0.0401954765738198,0.6432821128845211
8,0.08806667351410011,0.05840821891757832,0.8157510993929886
