,RMSE,MAE,R^2
0,0.059261461630825,0.0388863312718867,0.7681047815842429
1,0.0852515602483957,0.0544964156899341,0.6766673123980151
2,0.084318578999617,0.059093295419076,0.8247437134355473
3,0.0725975431902903,0.052379343860119,0.6800158288329259
4,0.0416630900156268,0.0313569052580163,0.806123032528298
5,0.0766166785451206,0.0492605922915709,0.6815026836362682
6,0.0728865783125979,0.0466110113692448,0.7032024745633871
7,0.0660285986534274,0.0444516212680499,0.6271274104157034
8,0.09522999165254706,0.06706631017900973,0.46541663628656793
