,RMSE,MAE,R^2
0,0.050693161142592,0.0376425233752758,0.8303140734650021
1,0.0709614244874483,0.0446609930758931,0.7759785571492754
2,0.0950466015839555,0.0624235138031664,0.7773102468028661
3,0.0603019772508847,0.0455802381981188,0.779226088162819
4,0.0445057949902016,0.0340693953792252,0.7787636981727146
5,0.076878392394117,0.0490026084472347,0.6793230661949793
6,0.0768811550567359,0.0480013660566539,0.6697788013236702
7,0.0598430751382171,0.0406182772823457,0.6937161459536751
8,0.09084800026881128,0.065373709959836,0.5134822483304886
