,RMSE,MAE,R^2
0,0.0676047550028349,0.049212663944073,0.7513142605799656
1,0.0518577948795885,0.0378158359185793,0.7720462533996122
2,0.0710800180917841,0.0458493001988066,0.7724750914385049
3,0.0627426216796522,0.037270782064732,0.7840001395443656
4,0.0713533591519548,0.0440985134484247,0.7812609334703025
5,0.0508998913676788,0.036646677655138,0.8395564484015989
6,0.0768891101771016,0.0483300721621368,0.6614002774535379
7,0.0804246437825824,0.0537902822475755,0.6012951148844704
8,0.08098976988077163,0.05309964488981292,0.7635862623094352
