,RMSE,MAE,R^2
0,0.0752973423129375,0.0471137811000975,0.6914996289698931
1,0.0488210893917826,0.0370075093843834,0.7979617605284873
2,0.0754501918578216,0.0450075188805308,0.7436374480689405
3,0.0757171440971293,0.038947893817461,0.6854305108124861
4,0.0667576863451817,0.0412488023761524,0.8085302982440749
5,0.0550081852925589,0.0399290362367796,0.8126113890501007
6,0.0923004968752592,0.0539343194157274,0.5120615908181924
7,0.0973563073913654,0.0613112063299682,0.4157463269079691
8,0.12976168943148014,0.07461235917875018,0.3931164558128334
