,RMSE,MAE,R^2
0,0.0091262894122734,0.0020704566793231,0.1462263993635217
1,0.0211832155158501,0.0035738174303707,0.0885922015346379
2,0.0136195039385479,0.0032369489385384,0.137387200889169
3,0.0218392455382935,0.0037067979375593,0.0835477918671606
4,0.0386074438049633,0.0065421374841935,0.1267680996140622
5,0.0292773774263849,0.0061437709185605,0.1459302818155434
6,0.0230455516851859,0.0056992854445258,0.144332761868956
7,0.0286843383827916,0.0065573350684203,0.1608383620632451
8,0.029812481225189296,0.007702295872490009,0.13955844627880498
