,RMSE,MAE,R^2
0,0.0087029738410131,0.0020542391441516,0.223592710389976
1,0.0207480410186828,0.0035845743531703,0.125654323760852
2,0.01346720341194,0.0032849857022947,0.1565717209574606
3,0.0213951761615717,0.0037166128576505,0.1204383341280336
4,0.0381696230851889,0.0065731661938324,0.1464612557474857
5,0.0288236510094569,0.0063134606737446,0.1721970636152051
6,0.0256340016586247,0.0060451794859664,-0.0586770582355045
7,0.0299607662142536,0.0068730148585058,0.0844927681441628
8,0.02770756682642966,0.007605276338596974,0.25677226339903203
