,RMSE,MAE,R^2
0,0.0905866,0.057671502,0.726647588369848
1,0.08253847,0.05250535,0.6241235009899838
2,0.14347403,0.09312053,0.6060607785902634
3,0.08783999,0.06934534,0.48734877931950127
4,0.09264623,0.07044182,0.5495551230237017
5,0.048131168,0.03892155,0.7720137485327923
6,0.077483475,0.054527324,0.7871777421809079
7,0.17813799,0.1066533,0.40362725540234035
8,0.26538527,0.16039263,0.33722868489627444
