,RMSE,MAE,R^2
0,0.0916411,0.05951941,0.7202465207243072
1,0.05549548,0.038320392,0.8300787990847839
2,0.14481007,0.0900216,0.5986898764072973
3,0.08732744,0.060826514,0.4933140115593476
4,0.08356969,0.06288021,0.6334917212609432
5,0.04548369,0.03579864,0.7964049302859206
6,0.14024968,0.101539135,0.3027274726561121
7,0.11299397,0.06376129,0.7600530328137486
8,0.19485956,0.15272167,0.6426831179191722
9,0.20207816,0.16287518,0.7063791746226764
10,0.4566809,0.22995386,0.3902066348635226
