,RMSE,MAE,R^2
0,0.007764468,0.05712816,0.7413534739272822
1,0.0052309013,0.055720262,0.7113916650933512
2,0.02297834,0.09881094,0.5602546754449117
3,0.007504052,0.066455,0.5014218204733323
4,0.009650322,0.079818584,0.4935600375216882
5,0.0019473592,0.035668094,0.808353054551991
6,0.01775618,0.1119075,0.3705685676616616
7,0.02742178,0.09981478,0.48465229552332645
8,0.07998854,0.25118124,0.24727238071929714
9,0.05270465,0.19706747,0.6210368357269344
10,0.21693107,0.21720323,0.3657232175162962
