,RMSE,MAE,R^2
0,0.092034547718179,0.0665694623698433,0.7259881520120285
1,0.0697875492529375,0.04783873269512,0.9084267465660352
2,0.0729031231339231,0.053787059197093,0.8294506084210316
3,0.0621313164940832,0.0426237864702641,0.8678260083999612
4,0.0699055183707348,0.0519269174782158,0.4215605906168365
5,0.081530367637155,0.0535633139427024,0.7365052150716329
6,0.0761460249231223,0.0543150544638474,0.7844459425572298
7,0.0747821371681027,0.061466652289545,0.6888051784888513
8,0.132319184736326,0.07867922189024984,0.8579768054017197
