,RMSE,MAE,R^2
0,0.1086933661460855,0.0745826049484341,0.6178149855739883
1,0.075307701581026,0.0487398223911054,0.893367022681959
2,0.0758582048517785,0.0548515383998788,0.8153441676804937
3,0.0403367469893526,0.029333978910393,0.9442908366866322
4,0.0617912894295898,0.047773412053148,0.5480509592706793
5,0.0744288895833114,0.0492908207031562,0.7804081071599381
6,0.0883986890252879,0.0607330500156304,0.7094951565469476
7,0.0729925296750946,0.0592022153117512,0.7035213348886542
8,0.13971559130901845,0.0799555439918168,0.8416553513509779
