,RMSE,MAE,R^2
0,0.0121349718822021,0.0062288696004775,0.9484138780111306
1,0.0271157918636549,0.0099932842792267,0.9236435728804698
2,0.0235655328649596,0.0106127814855806,0.9538391038745138
3,0.0098042904627285,0.0055209223444311,0.9012715672734422
4,0.0138793299225779,0.0085156648518513,0.9623705042964664
5,0.0178252165635833,0.0081211124196702,0.8902653699125487
6,0.016818471691712,0.0079222271528283,0.9534969134786774
7,0.0280247491739866,0.0124023523920577,0.9524713731765662
8,0.03699430894823705,0.01694885239872547,0.8969225698572602
