,RMSE,MAE,R^2
0,0.0271157918636549,0.0099932842792267,0.9236435728804698
1,0.0138793299225779,0.0085156648518513,0.9623705042964664
2,0.028024749173986604,0.012402352392057772,0.9524713731765662
