,RMSE,MAE,R^2
0,0.0271157918636549,0.0099932842792267,0.9236435728804698
1,0.0138793299225779,0.0085156648518513,0.9623705042964664
2,0.03699430894823705,0.01694885239872547,0.8969225698572602
