,RMSE,MAE,R^2
0,0.0267316293539521,0.0099267284096334,0.9257918035113164
1,0.0139736945275584,0.0085670249129518,0.9618570841740394
2,0.036670329499674116,0.01705322874849887,0.8987200755220394
