,RMSE,MAE,R^2
0,0.0267316293539521,0.0099267284096334,0.9257918035113164
1,0.0139736945275584,0.0085670249129518,0.9618570841740394
2,0.028197715650489365,0.012699142581759963,0.951882877036889
