,RMSE,MAE,R^2
0,0.0101234595416159,0.0054916479330156,0.9640984470154336
1,0.0267316293539521,0.0099267284096334,0.9257918035113164
2,0.023679863836576,0.0098131533840269,0.953390107228922
3,0.0099022304218937,0.0055499204381537,0.899289219803196
4,0.0139736945275584,0.0085670249129518,0.9618570841740394
5,0.0164349579920643,0.0078350634771553,0.9067151170663416
6,0.0162025248756841,0.007752016928644,0.9568407274846352
7,0.0281977156504893,0.0126991425817599,0.951882877036889
8,0.036670329499674116,0.01705322874849887,0.8987200755220394
