,RMSE,MAE,R^2
0,0.0133717679705496,0.0065372747763412,0.9135844894266744
1,0.0172983764340342,0.0066925347979279,0.8987639590199972
2,0.0096361618811326,0.0054766673050632,0.9724056838889296
3,0.0124174749801451,0.0070237618996823,0.8709916405974407
4,0.0231482952198894,0.0080718808617751,0.9049416712503487
5,0.018127563712563,0.0068864658351858,0.9460000103322418
6,0.0074972667533281,0.0046924026989725,0.9767790232646232
7,0.0197598664298867,0.0084639036500642,0.9086790744873586
8,0.03176082349336153,0.014452861946128357,0.8962281206713396
