,RMSE,MAE,R^2
0,0.0122666853375699,0.0061746097733769,0.9272775526038864
1,0.0178625184384457,0.0067663026683049,0.8920531817855665
2,0.0096043676025837,0.005519620732144,0.9725874770137216
3,0.01142826546245,0.0066950180662337,0.8907272419382206
4,0.0240958635720329,0.0083925188500192,0.8970000198918964
5,0.018949965300448,0.0070458698308726,0.9409891820512946
6,0.0080489553787118,0.0049077174378702,0.9732358413108512
7,0.0177426717203721,0.0080155348261835,0.926372453354803
8,0.032344427272839336,0.014743038271354777,0.8923794755023284
