,RMSE,MAE,R^2
0,0.011756922,0.0035306932,0.39328474964242666
1,0.014573256,0.00522985,0.30819636685920504
2,0.030242587,0.009378373,0.2547614363809354
