,RMSE,MAE,R^2
0,0.00724456,0.0037003672,0.3800634359574717
1,0.011939166,0.003730608,0.3743296625535184
2,0.0084385695,0.0033791263,0.376104848355579
3,0.007907083,0.0035256827,0.36084103494514286
4,0.014568833,0.0057291174,0.30861619392519557
5,0.014897948,0.005166642,0.3370286724378867
6,0.01401062,0.004981369,0.3499363915809224
7,0.029702438,0.009554455,0.28114439289741777
8,0.05083964,0.013433254,0.21864683285129527
