,RMSE,MAE,R2
0,0.0297718113,0.0158584252,0.8240114840535157
1,0.0345460774,0.0185529469,0.8374075646671562
2,0.030877770899999997,0.01593781646,0.8969855503182492
3,0.0397062622,0.021953873399999997,0.720626652165617
4,0.0402536648,0.020539655400000002,0.8623959309009924
5,0.041202305,0.0202975174,0.8813801445743238
6,0.0442461031,0.0223119221,0.8500785387899299
7,0.044974074200000005,0.0243143256,0.799127919965698
8,0.09100198000000001,0.0437078187,0.7638241900252207
