,RMSE,MAE,R2
0,0.0101510723,0.00399396292,0.2700261350541503
1,0.01297829523,0.0047819852900000005,0.23529552507081913
2,0.01096296532,0.0043119151700000006,0.33004674548230745
3,0.0123796053,0.0044176719,0.3125546445005823
4,0.0170908792,0.0056611694800000004,0.27837281240598555
5,0.017629187600000002,0.00625338248,0.32821388859100836
6,0.0217561343,0.006674233200000002,0.2792710515918009
7,0.023948491699999998,0.00829589739,0.29345249301684667
8,0.03887466689999999,0.01159580985,0.20514154906963236
