,RMSE,MAE,R2
0,0.011756922,0.0035306932,0.3932847496424266
1,0.014573256,0.00522985,0.308196366859205
2,0.030242587,0.009378373,0.2547614363809354
