,RMSE,MAE,R2
0,0.0734100607,0.0535476511,0.7043691366174354
1,0.083109087,0.0578213071,0.6031258463794019
2,0.1027486195,0.07100848530000001,0.6714957530153449
3,0.08702584919999999,0.0636165253,0.6393921613438367
4,0.0851634247,0.06199094530000001,0.6791334243431228
5,0.07549043279999999,0.056049073000000005,0.6214579646338925
6,0.1109616277,0.0811600378,0.47020353399309656
7,0.11162886139999999,0.0793926426,0.5173128884359641
8,0.1613116625,0.11222906860000001,0.3390176394967313
