,RMSE,MAE,R2
0,0.09722967,0.074013814,0.7737001031928378
1,0.09773256,0.06704187,0.7765354821466653
2,0.20228359,0.15378523,0.422169171809945
