,RMSE,MAE,R^2
0,0.008339388,0.003642509,0.2635496956913712
1,0.008610721,0.004325406,0.1900590507734774
2,0.0068819327,0.0032997185,0.4084441889958197
3,0.008452913,0.0037721023,0.45706051766284783
4,0.01422119,0.004764819,0.3227169757551628
5,0.018737005,0.004548041,0.3204789417324937
6,0.013105952,0.0049888245,0.2934139829411342
7,0.013166317,0.0051687118,0.18388847844441436
8,0.01356017,0.005452464,0.19844255665826527
