,RMSE,MAE,R^2
0,0.062356837,0.04570573,0.7884248619198124
1,0.060166195,0.04425135,0.693151697202987
2,0.07670455,0.061493587,0.7350425126410154
3,0.0821287,0.054454565,0.6299008782939148
4,0.10180428,0.07259687,0.5547237309470903
5,0.06655514,0.055376083,0.725683589624744
6,0.07450713,0.06076562,0.682054497129706
7,0.09018517,0.062065985,0.49864705048759816
8,0.123038225,0.1015407,0.4543771710681932
