,RMSE,MAE,R^2
0,0.06606782,0.0530411,0.762492998585413
1,0.08723742,0.06145913,0.3549041935568029
2,0.11202032,0.08576478,0.43489702641468997
3,0.06705101,0.04271117,0.7533172380737373
4,0.06473322,0.040938154,0.8199670560168724
5,0.06687111,0.053989846,0.7230728360534897
6,0.13168657,0.107329674,0.006792699107258771
7,0.08910245,0.071438804,0.5106128800020746
8,0.16877942,0.12463732,-0.026718470840710884
9,0.093442604,0.07402147,0.38971309009951594
10,0.10072768,0.084363475,0.3969722431548921
