,RMSE,MAE,R^2
0,0.0338762123674115,0.0130169954883826,0.975473117423806
1,0.0448142749752074,0.0187917171521187,0.9468924802840336
2,0.0445933069302996,0.0167766519699028,0.931969659765316
3,0.0236295646314198,0.0112503360182429,0.9071107975812152
4,0.0318564786638288,0.0114433862097862,0.9276886059652706
5,0.0330005575997209,0.0131327323459095,0.9420914249094235
6,0.0187108502543617,0.0098425791151176,0.9438017065193428
7,0.029151460280426,0.0139640414705099,0.8210120937731935
8,0.033084766409499394,0.012529643819404405,0.9693063396248444
