,RMSE,MAE,R^2
0,0.0383866103618986,0.0132867244599331,0.968507133854666
1,0.0464009904968545,0.0192438745459597,0.9430652035410068
2,0.0456158531389397,0.016668855887349,0.9288139513685936
3,0.0246725640228814,0.0115067559855438,0.898729637817183
4,0.030342522304595,0.011500823239488,0.9343983810583514
5,0.0360324153785092,0.0142533976629679,0.930962179351556
6,0.0191582867210619,0.0101922419083956,0.941081806961278
7,0.0290820691783326,0.0140215816739482,0.8218631925306041
8,0.03256623322250247,0.011973917103796916,0.9702609154649214
