,RMSE,MAE,R^2
0,0.0074748673992619,0.0019308369033096,0.1331441065104105
1,0.0123152939090904,0.00223386927395,0.1453493867899329
2,0.0083699623456825,0.0020395753779376,0.1479895090811164
3,0.0078135407971194,0.0019744705815461,0.1180186570783153
4,0.0283702197258199,0.0037997411566576,0.0519610183654374
5,0.0300461689231751,0.0070779608169249,0.1402444433244528
6,0.0566123916847071,0.0075938403276976,0.0608417538654012
7,0.0344732072757103,0.0075024022242151,0.1246493206892638
8,0.032457550624895116,0.007035646486374347,0.14054072460440692
