,RMSE,MAE,R^2
0,0.0074667565462882,0.001971915652205,0.1350243073884474
1,0.0126120300872208,0.0023006709571055,0.1036677078440063
2,0.0079844900406271,0.0020173288561814,0.2246598018253762
3,0.0080478206335426,0.0020184910200924,0.0643353819293595
4,0.0281810654280226,0.0038182828809065,0.0645606975921482
5,0.028895475952481,0.0069109748858087,0.2048364078901933
6,0.057227659168672,0.0078091293101937,0.0403171485013165
7,0.0322612543622617,0.0074979747511237,0.2333781547256677
8,0.03288535764717851,0.007187710444812434,0.11773519376045982
