,RMSE,MAE,R^2
0,0.0329754593884624,0.0001425791401335,0.2923401389528517
1,0.0274372540842195,0.0001383773329635,0.4418607828317643
2,0.0277078672003428,0.0001415809031732,0.3948916560405406
3,0.0278564630569699,0.0001414217846782,0.4021718354888389
4,0.027034185131202,0.0001388241145224,0.6651401771976073
5,0.0218073431087985,0.0001323886231404,0.5928813673610555
6,0.0241227446259323,0.000134006349274,0.5278671516473834
7,0.03451506920575113,0.00014710332379038883,0.2832276744961527
