,RMSE,MAE,R^2
0,0.010307849,0.0040563354,0.2996100046091976
1,0.009507822,0.0040779994,0.15085404656358337
2,0.0073197554,0.0032878998,0.41339755292263247
3,0.008092919,0.0035931303,0.3684923517697818
4,0.010475143,0.004654949,0.1643880483888287
5,0.012635744,0.0046842434,0.3834684580926453
6,0.016618153,0.00515881,0.23581341102945863
7,0.011279099,0.0044513196,0.3171556481998583
8,0.014156207,0.0051732925,0.18769430660681818
