,RMSE,MAE,R^2
0,0.05034820135980404,0.0001569291872777553,0.1715350096090792
