,RMSE,MAE,R^2
0,0.0089061106954879,0.0020784481562435,0.1052491012305524
1,0.0089716213108906,0.0021266537394727,0.1254766785596887
2,0.0093701783233602,0.0021423572627608,0.1379768016379468
3,0.009070888251895,0.0020549522352436,0.1548243474788578
4,0.0091394972254139,0.0019716841722503,0.1665009328854577
5,0.0089331196009494,0.0019262849520097,0.1010276872455181
6,0.0143966358115129,0.0030237012627665,0.1016975420017742
7,0.0140480757288507,0.0032025946273528,0.1394030250601861
8,0.04861904524170428,0.008025122017045748,0.11901275592637439
