,RMSE,MAE,R^2
0,0.0090172492920667,0.0020942874803174,0.0827787271868092
1,0.0084018287315228,0.0020766885170541,0.2330321198653102
2,0.0090823595796582,0.0021021448346568,0.1901200905720805
3,0.0090968158416653,0.0020785096498832,0.1499858609253234
4,0.0088169024134972,0.0019929087421168,0.2243021719812032
5,0.0093460307021158,0.0019449450842356,0.0160015240358988
6,0.0136164066670853,0.0029783059868189,0.1964265522150992
7,0.014583112148219,0.0032752458146128,0.0726011200526045
8,0.04668333623814111,0.008052511394165799,0.18776717094581985
