,RMSE,MAE,R^2
0,0.0085907804771679,0.0021024954702989,0.1419516050001954
1,0.0144024822824903,0.0024238018958914,0.113476788613966
2,0.0100061659948713,0.0021823388596373,0.1325150681112311
3,0.0092423824364516,0.0020720145485355,0.1356849336046089
4,0.0163702637711054,0.003607848031709,0.1197739878512258
5,0.0169049333452538,0.0035459745170532,0.1378106568269779
6,0.0161756924974922,0.0034705902705164,0.124575994515788
7,0.0328359098876337,0.0068056008078352,0.1138018082375448
8,0.05307426440530973,0.009602302884253488,0.14131445328811654
