,RMSE,MAE,R^2
0,0.0144024822824903,0.0024238018958914,0.113476788613966
1,0.0163702637711054,0.003607848031709,0.1197739878512258
2,0.03283590988763378,0.0068056008078352295,0.11380180823754482
