,RMSE,MAE,R^2
0,0.013572082173271,0.0024300194143132,0.2127577886190473
1,0.0157967288158924,0.0036390210381156,0.1803712768505223
2,0.03230157636441567,0.006875573033620954,0.14240906182171476
