,RMSE,MAE,R^2
0,0.0085382722493989,0.0021726133296798,0.1524086083445137
1,0.013572082173271,0.0024300194143132,0.2127577886190473
2,0.0101545701728587,0.0022396822689643,0.1065924389282788
3,0.0092364359482131,0.0021198339977096,0.1367967651062527
4,0.0157967288158924,0.0036390210381156,0.1803712768505223
5,0.0167199062479917,0.0036370386929495,0.1565809597697738
6,0.0152630208005768,0.0034655676942758,0.2205761712986446
7,0.0323015763644156,0.0068755730336209,0.1424090618217147
8,0.05202658071288417,0.009899642161203055,0.17488068419653147
