,RMSE,MAE,R^2
0,0.023494625,0.011959735,0.9473325397949723
1,0.017871171,0.013261486,0.9424284948687938
2,0.055832755,0.030278053,0.7845835409898057
