,RMSE,MAE,R^2
0,0.040856756,0.024396412,0.743572633
1,0.011979076,0.00801534,0.954070604
2,0.030206934,0.015953777,0.912940013
3,0.02213692,0.011147909,0.962707723
4,0.025903558,0.020917824,0.355225646
5,0.016343353,0.009755407,0.951851381
6,0.016623517,0.010202734,0.912118629
7,0.025010416,0.012140244,0.905852209
8,0.04219007,0.020395815,0.900938218
9,0.04967092,0.028890429,0.82950755
10,0.19124919,0.07576769,0.628503878
