,RMSE,MAE,R^2
0,0.025047913,0.01941298,0.7991891502241177
1,0.027942786,0.013286432,0.9255019870606452
2,0.035429478,0.017283048,0.9044756766396551
3,0.027275302,0.020707704,0.2851284839485657
4,0.017940987,0.010237376,0.9419777954759643
5,0.022241887,0.014980855,0.8426763014261935
6,0.022188682,0.013352929,0.9258977543268241
7,0.037414595,0.022712287,0.9220945779923085
8,0.04885298,0.025999453,0.8350763626566733
