,RMSE,MAE,R^2
0,0.027597375,0.013997811,0.9273323927093082
1,0.017365763,0.010780327,0.9456387681661155
2,0.04050705,0.021268621,0.9086840137563867
