,RMSE,MAE,R^2
0,0.015131977,0.010246718,0.923937544848918
1,0.027527876,0.01694447,0.5553116598659527
2,0.061883077,0.022809166,0.9245914730320314
3,0.07173894,0.022588788,0.8994031214516628
4,0.039316833,0.022831399,0.9186263351115018
5,0.03251924,0.016732316,0.9422304505891994
6,0.09243864,0.032311242,0.8183930542162468
7,0.044673778,0.02292442,0.9114899571719934
8,0.056003794,0.02962709,0.8011636592008674
