,RMSE,MAE,R^2
0,0.07328439,0.062175293,0.5126805692075835
1,0.08376327,0.06412836,0.4535706664022243
2,0.20427598,0.13352671,-0.01094338648861104
3,0.10408852,0.08078337,0.6974815587110634
4,0.110219404,0.057861157,0.677012755455811
5,0.06195606,0.045676142,0.36114169256528494
6,0.18501161,0.12306987,0.057636641881522954
7,0.08533863,0.07082046,0.5463690764425224
8,0.16730624,0.14134134,-0.11635226046064351
