,RMSE,MAE,R^2
0,0.07727919,0.05971165,0.45810400021381825
1,0.06745302,0.048470125,0.6456523632034045
2,0.20090286,0.1333811,0.022167416392215866
3,0.10729927,0.079484925,0.6785306505323114
4,0.07007254,0.04343026,0.8694535922108945
5,0.07599179,0.060267657,0.038896053552125553
6,0.13939658,0.11090149,0.4650359181193099
7,0.11788225,0.10832691,0.13441815038070093
8,0.1096734,0.09262742,0.5202891694923267
9,0.15426993,0.1246273,0.5355512345731157
10,0.21947132,0.1557741,-0.2021219171969857
