,RMSE,MAE,R^2
0,0.0168318140522758,0.0067647393063501,0.92441744739184
1,0.0141355285239143,0.006991007402151,0.921272043230366
2,0.0171622147182508,0.0080328879573462,0.9690283954181484
3,0.0168277270034318,0.0079072753706756,0.9303550768263148
4,0.0253236917389759,0.0122359788607114,0.9476963946621548
5,0.0480940065119828,0.0149228962042719,0.9510563993697428
6,0.042694422634545,0.0162636536800615,0.9140052650934724
7,0.0180531066332169,0.0091951230809483,0.9581702923530934
8,0.08285790952705602,0.03486758723110974,0.9744939959749007
