,RMSE,MAE,R^2
0,0.0168873939635826,0.0067810879104772,0.923917464757337
1,0.0144014225943762,0.0070190150127692,0.9182823880441968
2,0.0177936648408246,0.0081756096033399,0.9667073890619784
3,0.017314915791258,0.0079212898410544,0.9262640439716336
4,0.0246255666918193,0.0120156897834922,0.95054046186599
5,0.0522690323689381,0.0157081729756722,0.9421900064685268
6,0.0430334722027086,0.0159163255451772,0.9126340205038602
7,0.0189577908081779,0.0098139010285354,0.9538728748924818
8,0.08866906210983139,0.0355653533423836,0.970790864096289
