,RMSE,MAE,R2
0,0.0267316293539521,0.0099267284096334,0.9257918035113164
1,0.0139736945275584,0.0085670249129518,0.9618570841740394
2,0.0281977156504893,0.0126991425817599,0.951882877036889
