,RMSE,MAE,R2
0,0.01835252607245342,0.00792441073519572,0.9198320132726673
1,0.024477997842136008,0.010227340474074868,0.9055101415226199
2,0.02621814821706444,0.010281972946388579,0.9200445525511896
3,0.025871621728135404,0.01123478618778119,0.8911759758249499
4,0.02715072014073796,0.011673955026431298,0.9256157157597175
5,0.029483876249936203,0.01201461475644588,0.9261996453630317
6,0.02966472408019196,0.012596961318170438,0.9370354092008298
7,0.02752064415156615,0.011977538249943001,0.9211261774942745
8,0.038502088788390024,0.016057833159433092,0.9267105099864645
