,RMSE,MAE,R2
0,0.010918456534321101,0.0022354351122041596,0.15982463279715378
1,0.013812289740478812,0.00263697483376857,0.12959797343676555
2,0.01234642414459013,0.00266490554199843,0.15607350266604297
3,0.01367815260740082,0.0027832302040198802,0.15257609526549684
4,0.01836097150672238,0.00372298824897375,0.17266012530111724
5,0.020112095229908422,0.00459219743993011,0.12526264325483272
6,0.02403258523195782,0.0048773131337293005,0.11040026343080392
7,0.02639565459020534,0.00595949703892255,0.12687250918231024
8,0.03972437169068503,0.007834398377203369,0.16062461406429362
