,RMSE,MAE,R2
0,0.013572082173271,0.0024300194143132,0.2127577886190473
1,0.0157967288158924,0.0036390210381156,0.1803712768505223
2,0.0323015763644156,0.0068755730336209,0.1424090618217147
