,RMSE,MAE,R2
0,0.01113966195401173,0.0022094530278295695,0.12159485133777156
1,0.01392260827328103,0.0026018910281803403,0.11921857779805844
2,0.01245902014631768,0.00263691298518463,0.1297020049833872
3,0.013968599364630959,0.0027733676159438503,0.12140626384261792
4,0.018903622797567222,0.0037076928912569695,0.11471165337265818
5,0.02032643290321877,0.00453310652442391,0.12413424066645296
6,0.02394052314001682,0.004776638811885751,0.1137210225752876
7,0.02649028125883644,0.00588853877337818,0.13576775994652582
8,0.04067227338089295,0.007794195366477169,0.12708742888902674
