,RMSE,MAE,R2
0,0.0864303292006469,0.0606997106414595,0.8211787672658118
1,0.0718741561656418,0.0521615791532361,0.8791419460020117
2,0.1106553859565384,0.0805949048035572,0.8306280076457627
