,RMSE,MAE,R2
0,0.0851533282216649,0.055535409251992,0.8264238688185137
1,0.0780372544762749,0.0542733407478129,0.8575265166933225
2,0.1497380493428913,0.1020666021533115,0.6833760746930326
