,RMSE,MAE,R2
0,0.06966922151361063,0.048207815549013655,0.7486953996163749
1,0.06608591589703053,0.0456277403613871,0.7307765532958206
2,0.0800489448211413,0.05681730604720915,0.8204788513682908
3,0.0718409851833241,0.05071984033040918,0.7531599902851672
4,0.06909081213269488,0.04829811613093664,0.7716224931680719
5,0.06466824980124906,0.04482330369619754,0.7314558200459713
6,0.07583714821939992,0.05172621951419898,0.7783883716056412
7,0.07562749602035256,0.05311739936810256,0.7599282867232404
8,0.10083308136389046,0.0684424546959566,0.7248253785978435
