,RMSE,MAE,R2
0,0.07057433972475886,0.04795182597271529,0.7465527172287589
1,0.06122534716071436,0.04262830591507417,0.7769785926321526
2,0.08235789446347713,0.0552325194919247,0.8106179444451467
3,0.06835748940395184,0.046799414634570276,0.7799040125486487
4,0.0692835680159044,0.04737233872800671,0.7767036684032768
5,0.061315465778928616,0.042489543025226936,0.7496275510434576
6,0.08241132355144769,0.05403524035401858,0.7371493357308949
7,0.08631187317855941,0.05596329613048234,0.7072165585107475
8,0.10875619721193144,0.07143842905191697,0.6717100850149893
