,RMSE,MAE,R^2
0,0.0063581580132724,0.0035929653481885,0.9788472729593648
1,0.0194900832898424,0.0083112249325615,0.905635283768807
2,0.017168694329897,0.007120123742715,0.8888858700088049
3,0.0264823070280432,0.0116845632334992,0.935470904447988
4,0.0351993939808488,0.0133630075730115,0.9140686850792848
5,0.0297103521414154,0.0134035006997651,0.8815562798107415
6,0.0292365975566498,0.0100987149312633,0.9377108308082216
7,0.0326262102810424,0.0140264781840107,0.8636823388661545
8,0.027854582235217615,0.011418049451768374,0.9271326587974916
