,RMSE,MAE,R^2
0,0.0066229071512492,0.0037053061551988,0.9770490289741354
1,0.0190044568083442,0.0082748635154165,0.91027919323585
2,0.0165999412475746,0.0069037107434964,0.8961257610408481
3,0.025838732331802,0.0117537954063609,0.938569174494852
4,0.032536686905556,0.0127113005463375,0.9265777412379602
5,0.0288164984790627,0.0130750474171366,0.8885759712085389
6,0.0314176770847355,0.010561804490173,0.928070503179137
7,0.0309140120310062,0.0134464927210732,0.8776146011907637
8,0.02853667290297118,0.011743517062043346,0.9235202782632033
