,RMSE,MAE,R^2
0,0.0105995696803586,0.0021293134634619,0.0982228108738864
1,0.016923154051265,0.0035457604989968,0.1347490464340994
2,0.0140132455324884,0.0030482970811318,0.1245596416232001
3,0.0135587914141224,0.0031650197882056,0.1320806252538736
4,0.016116044793756,0.003504864462058,0.100702259210658
5,0.0161179994703288,0.0036341542062735,0.1216041296833472
6,0.0135101946753683,0.0031888163152545,0.1323168832742804
7,0.0266183826382824,0.0062865595623704,0.1297681465489157
8,0.09593367333725387,0.013143367561582207,0.07271609427966197
