,RMSE,MAE,R^2
0,0.0100834528202493,0.0021139079550525,0.1839038703250404
1,0.016555455353263,0.0035673526099087,0.171940142133858
2,0.0135536656479138,0.0031074304616033,0.1810401009042085
3,0.0129447321138214,0.0031311468275448,0.2089142553974421
4,0.015434269439738,0.0034525951792619,0.17518086828369
5,0.0168283143888051,0.003798556789554,0.0424769332500434
6,0.0134508968089838,0.0032320737516436,0.1399168986379233
7,0.0267880839078381,0.0064912039744199,0.1186367261475894
8,0.09660296604242247,0.013277318312643924,0.059732347031424604
