,RMSE,MAE,R^2
0,0.06610479,0.051807377,0.5455826931655552
1,0.05942212,0.043103557,0.701268442141836
2,0.07375956,0.05785158,0.5407118908131865
3,0.053623393,0.04193508,0.6956445909226319
4,0.06813973,0.054820873,0.7736632046877989
5,0.069759354,0.058363967,0.7770525687761105
6,0.17044692,0.14877556,-0.9612829075027027
7,0.09592414,0.07555166,0.6679859402050881
8,0.10308578,0.084120184,0.5318063644053582
