,RMSE,MAE,R^2
0,0.06870883,0.054758653,0.5090761852964417
1,0.062359817,0.050536122,0.6710010597616309
2,0.07138966,0.056236144,0.5697516283098732
3,0.06350454,0.048345108,0.5731434027484568
4,0.17929783,0.1456269,-0.5671277986691132
5,0.06278209,0.04765103,0.8194202308521115
6,0.09141599,0.07208305,0.4358348479925118
7,0.10314955,0.07900144,0.6160847920370679
8,0.09471874,0.07579716,0.6047246261899923
9,0.21349,0.13874505,0.6249710112993803
10,0.3296863,0.24303544,0.15197299438572287
