,RMSE,MAE,R^2
0,0.033401012,0.015843276,0.8775472329820292
1,0.04950135,0.024943143,0.8932230087846577
2,0.037936352,0.019297227,0.9473627200843101
3,0.034974534,0.018405646,0.7814702685016267
4,0.031971913,0.015383966,0.9418720612565774
5,0.022162441,0.011266226,0.9280067676478088
6,0.028983168,0.018335888,0.9412962420829005
7,0.06742017,0.044725284,0.7008330189575425
8,0.043198712,0.022158843,0.8638502586780843
