,RMSE,MAE,R^2
0,0.03087133,0.01558809,0.7676252166858577
1,0.014523404,0.009070462,0.9233668346567282
2,0.03193163,0.017061658,0.9020154836823613
3,0.021565791,0.01255745,0.8930785894984181
4,0.04172824,0.022333581,0.8686483762738373
5,0.13197805,0.04139144,0.6653197310001782
6,0.051749468,0.023486312,0.8848003739314552
7,0.022024803,0.012256643,0.9429033453401457
8,0.428227,0.17027935,0.37745686425103564
