,RMSE,MAE,R^2
0,0.054726947,0.039069276,0.8022349518741905
1,0.10427345,0.07544098,0.5162818052172976
2,0.086387545,0.06128848,0.816037504991338
3,0.08051079,0.064198636,0.6064564616684253
4,0.059411783,0.04729092,0.6057530069025769
5,0.076488815,0.059893962,0.6825648498806047
6,0.06358254,0.04953541,0.7741391608877304
7,0.092355624,0.06971437,0.2705038592109217
8,0.13722214,0.107680164,-0.1099831059920624
9,0.69615805,0.3872642,-0.2489195401602231
10,0.48576128,0.35421634,-0.5865506603460535
