,RMSE,MAE,R^2
0,0.060302764,0.044746447,0.7598837645474747
1,0.086108714,0.06206923,0.6701327455327655
2,0.091737024,0.060078986,0.7925485979095442
3,0.09031439,0.06494838,0.5047795441261942
4,0.056298167,0.05030888,0.645993123695062
5,0.07398121,0.047915872,0.7030372446128252
6,0.073184855,0.060294174,0.7007682628584186
7,0.087035574,0.063715786,0.35212693461953504
8,0.12723897,0.10598631,0.045648718064920435
