,RMSE,MAE,R^2
0,0.0087940345023273,0.0020158703523869,0.1476162245969247
1,0.0109062035342242,0.0023809074773442,0.1440273859285691
2,0.029393640262429,0.0043300934705881,0.0465850512794917
3,0.019944026981162,0.0041619352579394,0.1160233755266902
4,0.0179127121810442,0.0036022772428085,0.0861030488526927
5,0.0153538293821695,0.003399082106045,0.111256301039288
6,0.0159770499909591,0.0036155675444344,0.1091374774870914
7,0.0150694982811987,0.0035268259948758,0.1667885405806988
8,0.015226096328248577,0.0036350457965405045,0.1500740760067224
