,RMSE,MAE,R^2
0,0.0086358732260673,0.0020773346685085,0.1780008644486412
1,0.0112740188531709,0.0024211208777233,0.0853178858016807
2,0.0303983691466851,0.0044116998123316,-0.0197078832720047
3,0.0189912658355202,0.0041707805900156,0.1984642439524807
4,0.017233861554666,0.0035631843015175,0.1540596657614371
5,0.0155052447112113,0.0035174543296284,0.0936407655363942
6,0.0161753561355911,0.0037128959697558,0.0868855748434367
7,0.0149186791219028,0.0035928357769126,0.1833830429961542
8,0.014573443552017321,0.0036035767337401904,0.22137508540284256
