,RMSE,MAE,R^2
0,0.057834733,0.04445699,0.8800136570635128
1,0.05113323,0.040503234,0.3970408232511461
2,0.090489246,0.063224986,0.8011748678507042
3,0.11710733,0.07733725,0.7275966564989863
4,0.06834942,0.044414807,0.8448198294286678
5,0.05878884,0.049759313,0.5699360537064606
6,0.04410706,0.03514784,0.9231030644813645
7,0.13094729,0.11873347,-1.4564547580469926
8,0.13872263,0.08861915,0.5428314981606821
9,0.362094,0.24760576,0.3317429989977613
10,0.47968435,0.26405248,-0.3990856409918422
