,RMSE,MAE,R^2
0,0.07047788,0.047392614,0.8218195452537398
1,0.052065026,0.04028507,0.37486525949048743
2,0.069921575,0.04788502,0.8812865946531195
3,0.094057545,0.061025072,0.8242757792527303
4,0.086540334,0.061630636,0.7512267193458898
5,0.059931796,0.04261291,0.5530512362630523
6,0.057510953,0.044939615,0.8692643551964887
7,0.07559051,0.05831968,0.18144033987764807
8,0.20261563,0.13171118,0.02472388491498101
