,RMSE,MAE,R^2
0,0.02970892835678,0.0116737728506871,0.8940269247159055
1,0.0389792576997532,0.0167765853464917,0.9275838109582792
2,0.0437320933650048,0.0157324255682367,0.9234565121288634
3,0.0279316941395561,0.0129336802799082,0.8545963894599656
4,0.0232634762996464,0.0094438116320696,0.9661804004798272
5,0.0214700674556397,0.0093051590625502,0.925985637607396
6,0.0217910317278554,0.0123503214474451,0.9637027806792372
7,0.0292817627486834,0.0130497427204811,0.9378202561206536
8,0.040721108177298286,0.01653461948775413,0.868609552850959
