,RMSE,MAE,R^2
0,0.0291062299540929,0.0117099875951771,0.8982830154248638
1,0.0398476147094173,0.0171227565736627,0.9243213813706412
2,0.0430570621605933,0.0157460404560492,0.9258012647313044
3,0.02738894078535,0.0127693843429215,0.8601922941278616
4,0.0229060522598858,0.0094395777138319,0.9672116373554914
5,0.0203054085238665,0.0087148671445525,0.9337977656493892
6,0.0211193527921326,0.0120563620447808,0.9659059197104016
7,0.0309842899360921,0.0133587995233049,0.930379427590546
8,0.040088115078728837,0.016043618130362185,0.8726626267415785
