,RMSE,MAE,R^2
0,0.033556815,0.015038316,0.8599850383500692
1,0.04268646,0.022691684,0.7944380244193795
2,0.01808516,0.010643441,0.8997827651722017
3,0.06177986,0.030647436,0.8637052450275138
4,0.107799724,0.040521264,0.7794975329138161
5,0.022757184,0.013880618,0.9333241108774476
6,0.06619292,0.031129561,0.8422245509901491
7,0.027207425,0.015680183,0.9191060389407517
8,0.0388109,0.031309538,0.6408628952872304
