,RMSE,MAE,R^2
0,0.007670511,0.0034995591,0.3932983168516305
1,0.021100787,0.007383191,0.09749075586050948
2,0.012082036,0.0051336307,0.32677478047084507
3,0.019615676,0.005109446,0.26804078770104356
4,0.03527809,0.010247323,0.27653630553624964
5,0.024126273,0.008141975,0.42531723655849396
6,0.019916086,0.008207547,0.3417173458694803
7,0.0226419,0.007921498,0.4675814424118615
8,0.027944013,0.012685931,0.23841119056518567
